{"assets/fonts/numberpile.ttf":["assets/fonts/numberpile.ttf"],"assets/icon/icon.png":["assets/icon/icon.png"],"assets/images/bing_logo.png":["assets/images/bing_logo.png"],"assets/images/duckduckgo_logo.png":["assets/images/duckduckgo_logo.png"],"assets/images/ecosia_logo.png":["assets/images/ecosia_logo.png"],"assets/images/google_logo.png":["assets/images/google_logo.png"],"assets/images/yahoo_logo.png":["assets/images/yahoo_logo.png"],"packages/cupertino_icons/assets/CupertinoIcons.ttf":["packages/cupertino_icons/assets/CupertinoIcons.ttf"],"packages/flutter_icons/fonts/AntDesign.ttf":["packages/flutter_icons/fonts/AntDesign.ttf"],"packages/flutter_icons/fonts/Entypo.ttf":["packages/flutter_icons/fonts/Entypo.ttf"],"packages/flutter_icons/fonts/EvilIcons.ttf":["packages/flutter_icons/fonts/EvilIcons.ttf"],"packages/flutter_icons/fonts/Feather.ttf":["packages/flutter_icons/fonts/Feather.ttf"],"packages/flutter_icons/fonts/FontAwesome.ttf":["packages/flutter_icons/fonts/FontAwesome.ttf"],"packages/flutter_icons/fonts/FontAwesome5_Brands.ttf":["packages/flutter_icons/fonts/FontAwesome5_Brands.ttf"],"packages/flutter_icons/fonts/FontAwesome5_Regular.ttf":["packages/flutter_icons/fonts/FontAwesome5_Regular.ttf"],"packages/flutter_icons/fonts/FontAwesome5_Solid.ttf":["packages/flutter_icons/fonts/FontAwesome5_Solid.ttf"],"packages/flutter_icons/fonts/Foundation.ttf":["packages/flutter_icons/fonts/Foundation.ttf"],"packages/flutter_icons/fonts/Ionicons.ttf":["packages/flutter_icons/fonts/Ionicons.ttf"],"packages/flutter_icons/fonts/MaterialCommunityIcons.ttf":["packages/flutter_icons/fonts/MaterialCommunityIcons.ttf"],"packages/flutter_icons/fonts/MaterialIcons.ttf":["packages/flutter_icons/fonts/MaterialIcons.ttf"],"packages/flutter_icons/fonts/Octicons.ttf":["packages/flutter_icons/fonts/Octicons.ttf"],"packages/flutter_icons/fonts/SimpleLineIcons.ttf":["packages/flutter_icons/fonts/SimpleLineIcons.ttf"],"packages/flutter_icons/fonts/Zocial.ttf":["packages/flutter_icons/fonts/Zocial.ttf"],"packages/flutter_icons/fonts/weathericons.ttf":["packages/flutter_icons/fonts/weathericons.ttf"],"packages/flutter_inappwebview/t_rex_runner/t-rex.css":["packages/flutter_inappwebview/t_rex_runner/t-rex.css"],"packages/flutter_inappwebview/t_rex_runner/t-rex.html":["packages/flutter_inappwebview/t_rex_runner/t-rex.html"],"packages/fluttericon/lib/fonts/Brandico.ttf":["packages/fluttericon/lib/fonts/Brandico.ttf"],"packages/fluttericon/lib/fonts/Elusive.ttf":["packages/fluttericon/lib/fonts/Elusive.ttf"],"packages/fluttericon/lib/fonts/Entypo.ttf":["packages/fluttericon/lib/fonts/Entypo.ttf"],"packages/fluttericon/lib/fonts/FontAwesome.ttf":["packages/fluttericon/lib/fonts/FontAwesome.ttf"],"packages/fluttericon/lib/fonts/FontAwesome5.ttf":["packages/fluttericon/lib/fonts/FontAwesome5.ttf"],"packages/fluttericon/lib/fonts/Fontelico.ttf":["packages/fluttericon/lib/fonts/Fontelico.ttf"],"packages/fluttericon/lib/fonts/Iconic.ttf":["packages/fluttericon/lib/fonts/Iconic.ttf"],"packages/fluttericon/lib/fonts/LineariconsFree.ttf":["packages/fluttericon/lib/fonts/LineariconsFree.ttf"],"packages/fluttericon/lib/fonts/Linecons.ttf":["packages/fluttericon/lib/fonts/Linecons.ttf"],"packages/fluttericon/lib/fonts/Maki.ttf":["packages/fluttericon/lib/fonts/Maki.ttf"],"packages/fluttericon/lib/fonts/Meteocons.ttf":["packages/fluttericon/lib/fonts/Meteocons.ttf"],"packages/fluttericon/lib/fonts/MfgLabs.ttf":["packages/fluttericon/lib/fonts/MfgLabs.ttf"],"packages/fluttericon/lib/fonts/ModernPictograms.ttf":["packages/fluttericon/lib/fonts/ModernPictograms.ttf"],"packages/fluttericon/lib/fonts/Octicons.ttf":["packages/fluttericon/lib/fonts/Octicons.ttf"],"packages/fluttericon/lib/fonts/RpgAwesome.ttf":["packages/fluttericon/lib/fonts/RpgAwesome.ttf"],"packages/fluttericon/lib/fonts/Typicons.ttf":["packages/fluttericon/lib/fonts/Typicons.ttf"],"packages/fluttericon/lib/fonts/WebSymbols.ttf":["packages/fluttericon/lib/fonts/WebSymbols.ttf"],"packages/fluttericon/lib/fonts/Zocial.ttf":["packages/fluttericon/lib/fonts/Zocial.ttf"]}